<rules>
   <broadcast block="true" log="false">
      <component-filter name="com.coolapk.market/com.tencent.android.tpush.XGPushReceiver"/>
      <component-filter name="com.coolapk.market/com.coolapk.market.receiver.TencentXGTPushReceiver"/>
   </broadcast>
   <service block="true" log="false">
      <component-filter name="com.coolapk.market/com.tencent.tpns.mqttchannel.services.MqttService"/>
      <component-filter name="com.coolapk.market/com.ss.android.socialbase.downloader.notification.DownloadNotificationService"/>
      <component-filter name="com.coolapk.market/com.tencent.android.tpush.service.XGVipPushService"/>
      <component-filter name="com.coolapk.market/com.tencent.android.tpush.rpc.XGRemoteService"/>
   </service>
</rules>